id_pagamento,id_projeto,etapa,valor_pago,dt_pagamento,status_pagamento,dt_inicio,flag_data_invalida
1,1,Cobertura,13942510.28,2020-03-31,Pago,2020-03-28,Data VĂ¡lida
2,1,Acabamento,10362960.69,2020-07-16,Pendente,2020-03-28,Data VĂ¡lida
3,1,FundaĂƒÂ§ĂƒÂ£o,12276964.65,2020-09-27,Estornado,2020-03-28,Data VĂ¡lida
4,2,Acabamento,1620884.27,2019-05-01,Pendente,2019-04-17,Data VĂ¡lida
5,4,Entrega,4395656.14,2022-12-28,Pendente,2022-12-13,Data VĂ¡lida
6,4,Estrutura,3702669.64,2023-04-01,Pago,2022-12-13,Data VĂ¡lida
7,4,FundaĂƒÂ§ĂƒÂ£o,3207632.55,2023-07-07,Pago,2022-12-13,Data VĂ¡lida
8,4,InĂƒÂ­cio de Obra,3960486.62,2023-09-25,Pago,2022-12-13,Data VĂ¡lida
9,4,Cobertura,4163477.31,2023-12-13,Pago,2022-12-13,Data VĂ¡lida
10,7,FundaĂƒÂ§ĂƒÂ£o,3026228.77,2019-05-28,Pago,2019-05-27,Data VĂ¡lida
11,7,Acabamento,2763522.95,2019-09-17,Pago,2019-05-27,Data VĂ¡lida
12,7,Estrutura,2947322.51,2019-12-08,Pago,2019-05-27,Data VĂ¡lida
13,7,Entrega,2713024.61,2020-03-04,Estornado,2019-05-27,Data VĂ¡lida
14,8,FundaĂƒÂ§ĂƒÂ£o,1948714.23,2022-10-06,Pendente,2022-10-05,Data VĂ¡lida
15,8,Acabamento,1966130.36,2023-01-07,Pago,2022-10-05,Data VĂ¡lida
16,8,Cobertura,1371484.79,2023-04-12,Pendente,2022-10-05,Data VĂ¡lida
17,8,InĂƒÂ­cio de Obra,1712117.39,2023-07-26,Pendente,2022-10-05,Data VĂ¡lida
18,9,Entrega,9821217.48,2020-02-27,Estornado,2020-02-16,Data VĂ¡lida
19,9,Cobertura,12957762.88,2020-05-26,Pago,2020-02-16,Data VĂ¡lida
20,9,Estrutura,11112226.03,2020-08-22,Pago,2020-02-16,Data VĂ¡lida
21,9,Acabamento,10692861.89,2020-11-12,Estornado,2020-02-16,Data VĂ¡lida
22,9,FundaĂƒÂ§ĂƒÂ£o,12269214.16,2021-02-11,Pago,2020-02-16,Data VĂ¡lida
23,9,InĂƒÂ­cio de Obra,11330340.35,2021-05-24,Pago,2020-02-16,Data VĂ¡lida
24,10,Cobertura,12581686.88,2021-03-08,Pago,2021-02-12,Data VĂ¡lida
25,10,FundaĂƒÂ§ĂƒÂ£o,12049321.89,2021-06-08,Estornado,2021-02-12,Data VĂ¡lida
26,11,Acabamento,12667738.95,2018-05-23,Pago,2018-04-28,Data VĂ¡lida
27,11,Cobertura,8814484.13,2018-07-28,Pago,2018-04-28,Data VĂ¡lida
28,11,Estrutura,12656971.32,2018-11-02,Pendente,2018-04-28,Data VĂ¡lida
29,11,FundaĂƒÂ§ĂƒÂ£o,12381428.54,2019-02-07,Pago,2018-04-28,Data VĂ¡lida
30,11,InĂƒÂ­cio de Obra,10117297.71,2019-04-29,Pago,2018-04-28,Data VĂ¡lida
31,11,Entrega,9843015.14,2019-07-31,Pago,2018-04-28,Data VĂ¡lida
32,13,FundaĂƒÂ§ĂƒÂ£o,7534079.03,2020-05-17,Estornado,2020-05-08,Data VĂ¡lida
33,15,InĂƒÂ­cio de Obra,14192246.92,2018-06-02,Pago,2018-05-31,Data VĂ¡lida
34,15,Entrega,14906770.96,2018-09-17,Estornado,2018-05-31,Data VĂ¡lida
35,15,Cobertura,14833450.96,2018-12-13,Pago,2018-05-31,Data VĂ¡lida
36,15,FundaĂƒÂ§ĂƒÂ£o,10525741.52,2019-02-28,Estornado,2018-05-31,Data VĂ¡lida
37,16,Cobertura,3821887.34,2021-02-13,Pago,2021-01-17,Data VĂ¡lida
38,16,InĂƒÂ­cio de Obra,5491266.43,2021-05-04,Estornado,2021-01-17,Data VĂ¡lida
39,16,FundaĂƒÂ§ĂƒÂ£o,5098896.58,2021-08-13,Pago,2021-01-17,Data VĂ¡lida
40,16,Estrutura,3933650.12,2021-10-26,Pago,2021-01-17,Data VĂ¡lida
41,17,Estrutura,2835943.18,2021-03-04,Pago,2021-02-07,Data VĂ¡lida
42,17,Cobertura,2969343.86,2021-05-26,Pago,2021-02-07,Data VĂ¡lida
43,20,Cobertura,8838556.85,2018-06-05,Pago,2018-06-04,Data VĂ¡lida
44,20,FundaĂƒÂ§ĂƒÂ£o,9269829.24,2018-09-14,Pendente,2018-06-04,Data VĂ¡lida
45,20,InĂƒÂ­cio de Obra,7699283.91,2018-12-06,Estornado,2018-06-04,Data VĂ¡lida
46,20,Entrega,9942723.98,2019-03-16,Pendente,2018-06-04,Data VĂ¡lida
47,21,Acabamento,4903557.75,2023-01-18,Pago,2023-01-16,Data VĂ¡lida
48,21,Estrutura,4958780.24,2023-04-18,Pago,2023-01-16,Data VĂ¡lida
49,21,Entrega,4319775.12,2023-08-09,Pago,2023-01-16,Data VĂ¡lida
50,21,Cobertura,3907855.63,2023-10-15,Estornado,2023-01-16,Data VĂ¡lida
51,23,Cobertura,813898.73,2022-06-04,Pago,2022-05-22,Data VĂ¡lida
52,23,Estrutura,738487.33,2022-08-30,Estornado,2022-05-22,Data VĂ¡lida
53,23,Acabamento,1041577.75,2022-12-15,Pago,2022-05-22,Data VĂ¡lida
54,23,InĂƒÂ­cio de Obra,883990.74,2023-03-03,Pago,2022-05-22,Data VĂ¡lida
55,23,Entrega,809391.87,2023-05-29,Pago,2022-05-22,Data VĂ¡lida
56,25,Estrutura,12847928.9,2018-02-23,Pendente,2018-02-18,Data VĂ¡lida
57,25,InĂƒÂ­cio de Obra,14073225.55,2018-06-17,Estornado,2018-02-18,Data VĂ¡lida
58,25,FundaĂƒÂ§ĂƒÂ£o,15002945.84,2018-08-18,Estornado,2018-02-18,Data VĂ¡lida
59,25,Entrega,14497152.38,2018-11-16,Pendente,2018-02-18,Data VĂ¡lida
60,25,Cobertura,14464745.33,2019-02-16,Pago,2018-02-18,Data VĂ¡lida
61,25,Acabamento,15241116.11,2019-06-12,Pago,2018-02-18,Data VĂ¡lida
62,26,Entrega,4192448.7,2021-11-05,Pago,2021-10-23,Data VĂ¡lida
63,26,Cobertura,3960352.38,2022-02-01,Pago,2021-10-23,Data VĂ¡lida
64,26,Estrutura,4140392.85,2022-04-27,Pendente,2021-10-23,Data VĂ¡lida
65,27,Acabamento,2442771.84,2019-12-15,Pago,2019-12-09,Data VĂ¡lida
66,27,InĂƒÂ­cio de Obra,2861193.29,2020-03-13,Pago,2019-12-09,Data VĂ¡lida
67,27,Cobertura,2442743.64,2020-06-16,Pendente,2019-12-09,Data VĂ¡lida
68,27,Estrutura,2407112.56,2020-09-24,Pendente,2019-12-09,Data VĂ¡lida
69,28,InĂƒÂ­cio de Obra,1949820.61,2023-04-05,Pago,2023-03-11,Data VĂ¡lida
70,28,Estrutura,1519070.75,2023-06-25,Pago,2023-03-11,Data VĂ¡lida
71,28,Entrega,1697388.31,2023-09-17,Pago,2023-03-11,Data VĂ¡lida
72,28,Acabamento,1543099.26,2023-12-20,Pago,2023-03-11,Data VĂ¡lida
73,28,Cobertura,1580559.96,2024-03-17,Pago,2023-03-11,Data VĂ¡lida
74,28,FundaĂƒÂ§ĂƒÂ£o,1519110.0,2024-06-14,Pago,2023-03-11,Data VĂ¡lida
75,29,Cobertura,8781070.97,2022-01-31,Pendente,2022-01-14,Data VĂ¡lida
76,31,Acabamento,904081.39,2022-06-15,Pago,2022-05-29,Data VĂ¡lida
77,31,Entrega,924647.78,2022-08-29,Estornado,2022-05-29,Data VĂ¡lida
78,31,FundaĂƒÂ§ĂƒÂ£o,760954.25,2022-12-20,Pago,2022-05-29,Data VĂ¡lida
79,32,Acabamento,6359857.98,2022-07-16,Pendente,2022-06-19,Data VĂ¡lida
80,32,Entrega,8706942.46,2022-09-24,Pago,2022-06-19,Data VĂ¡lida
81,32,Cobertura,8036417.14,2023-01-09,Estornado,2022-06-19,Data VĂ¡lida
82,32,InĂƒÂ­cio de Obra,6330007.08,2023-04-04,Pendente,2022-06-19,Data VĂ¡lida
83,35,Entrega,13329257.53,2019-06-07,Pago,2019-05-15,Data VĂ¡lida
84,36,Cobertura,13678864.05,2018-05-10,Pendente,2018-04-13,Data VĂ¡lida
85,38,FundaĂƒÂ§ĂƒÂ£o,7218415.05,2022-09-23,Pago,2022-09-17,Data VĂ¡lida
86,40,Cobertura,6330831.23,2018-05-22,Pago,2018-05-12,Data VĂ¡lida
87,40,FundaĂƒÂ§ĂƒÂ£o,8331394.18,2018-09-03,Pago,2018-05-12,Data VĂ¡lida
88,40,Entrega,6749484.37,2018-12-04,Estornado,2018-05-12,Data VĂ¡lida
89,40,InĂƒÂ­cio de Obra,6809557.21,2019-02-27,Pendente,2018-05-12,Data VĂ¡lida
90,40,Estrutura,8041894.94,2019-05-13,Pago,2018-05-12,Data VĂ¡lida
91,41,Acabamento,1477607.19,2023-01-30,Pendente,2023-01-28,Data VĂ¡lida
92,41,InĂƒÂ­cio de Obra,1142162.2,2023-05-04,Pago,2023-01-28,Data VĂ¡lida
93,41,Estrutura,1194279.39,2023-08-05,Pago,2023-01-28,Data VĂ¡lida
94,41,Entrega,1428923.11,2023-11-20,Pendente,2023-01-28,Data VĂ¡lida
95,42,Estrutura,6850442.8,2020-06-03,Pendente,2020-05-08,Data VĂ¡lida
96,42,InĂƒÂ­cio de Obra,9526538.25,2020-08-12,Pago,2020-05-08,Data VĂ¡lida
97,42,Acabamento,8647769.68,2020-12-01,Pago,2020-05-08,Data VĂ¡lida
98,42,Entrega,9432055.41,2021-02-27,Pago,2020-05-08,Data VĂ¡lida
99,42,FundaĂƒÂ§ĂƒÂ£o,9248894.91,2021-06-01,Pago,2020-05-08,Data VĂ¡lida
100,43,InĂƒÂ­cio de Obra,1086829.95,2022-07-17,Pago,2022-06-23,Data VĂ¡lida
101,43,Estrutura,1275061.28,2022-10-13,Pago,2022-06-23,Data VĂ¡lida
102,43,Acabamento,1002584.16,2023-01-15,Pendente,2022-06-23,Data VĂ¡lida
103,43,Entrega,1394625.66,2023-04-13,Pago,2022-06-23,Data VĂ¡lida
104,43,FundaĂƒÂ§ĂƒÂ£o,1265669.1,2023-06-25,Pago,2022-06-23,Data VĂ¡lida
105,44,FundaĂƒÂ§ĂƒÂ£o,2128070.65,2021-10-05,Pago,2021-09-19,Data VĂ¡lida
106,44,Estrutura,1979748.48,2021-12-19,Pendente,2021-09-19,Data VĂ¡lida
107,44,InĂƒÂ­cio de Obra,1554913.02,2022-03-24,Estornado,2021-09-19,Data VĂ¡lida
108,46,Cobertura,11171002.34,2020-09-08,Pendente,2020-08-21,Data VĂ¡lida
109,48,FundaĂƒÂ§ĂƒÂ£o,2868850.99,2021-03-27,Pago,2021-03-01,Data VĂ¡lida
110,48,Estrutura,2575000.41,2021-06-14,Pago,2021-03-01,Data VĂ¡lida
111,48,Entrega,2435731.74,2021-08-31,Estornado,2021-03-01,Data VĂ¡lida
112,48,Acabamento,2513693.21,2021-12-16,Pendente,2021-03-01,Data VĂ¡lida
113,48,InĂƒÂ­cio de Obra,3096946.68,2022-03-25,Pago,2021-03-01,Data VĂ¡lida
114,48,Cobertura,2326707.36,2022-06-13,Pago,2021-03-01,Data VĂ¡lida
115,49,Estrutura,12664513.85,2022-05-13,Pendente,2022-05-12,Data VĂ¡lida
116,49,FundaĂƒÂ§ĂƒÂ£o,10053993.69,2022-09-06,Pendente,2022-05-12,Data VĂ¡lida
117,49,InĂƒÂ­cio de Obra,14282852.66,2022-12-02,Pago,2022-05-12,Data VĂ¡lida
118,49,Acabamento,15022833.43,2023-02-27,Estornado,2022-05-12,Data VĂ¡lida
119,49,Entrega,10399829.22,2023-05-11,Estornado,2022-05-12,Data VĂ¡lida
120,49,Cobertura,11463474.86,2023-08-31,Pago,2022-05-12,Data VĂ¡lida
121,51,Cobertura,3054877.89,2018-04-21,Pago,2018-03-26,Data VĂ¡lida
122,51,Entrega,3594059.21,2018-06-26,Pago,2018-03-26,Data VĂ¡lida
123,51,InĂƒÂ­cio de Obra,2677656.15,2018-10-19,Pago,2018-03-26,Data VĂ¡lida
124,51,Estrutura,3501981.5,2019-01-10,Pago,2018-03-26,Data VĂ¡lida
125,51,FundaĂƒÂ§ĂƒÂ£o,2847160.01,2019-04-15,Pago,2018-03-26,Data VĂ¡lida
126,54,FundaĂƒÂ§ĂƒÂ£o,3009581.46,2023-04-24,Pendente,2023-03-30,Data VĂ¡lida
127,54,Estrutura,4191315.99,2023-07-17,Pago,2023-03-30,Data VĂ¡lida
128,54,InĂƒÂ­cio de Obra,3314906.32,2023-10-09,Estornado,2023-03-30,Data VĂ¡lida
129,54,Acabamento,3626186.08,2024-01-08,Pago,2023-03-30,Data VĂ¡lida
130,55,FundaĂƒÂ§ĂƒÂ£o,7151995.95,2022-10-28,Pendente,2022-10-09,Data VĂ¡lida
131,55,Acabamento,10096626.28,2023-01-10,Estornado,2022-10-09,Data VĂ¡lida
132,56,Entrega,5851052.65,2019-07-26,Pendente,2019-07-20,Data VĂ¡lida
133,56,InĂƒÂ­cio de Obra,6181833.12,2019-10-21,Pago,2019-07-20,Data VĂ¡lida
134,57,Acabamento,6492049.43,2020-09-24,Pendente,2020-09-02,Data VĂ¡lida
135,57,Entrega,7430026.43,2020-12-10,Pago,2020-09-02,Data VĂ¡lida
136,57,Cobertura,9079807.82,2021-03-19,Pago,2020-09-02,Data VĂ¡lida
137,57,InĂƒÂ­cio de Obra,8838882.78,2021-06-17,Estornado,2020-09-02,Data VĂ¡lida
138,57,FundaĂƒÂ§ĂƒÂ£o,9055229.96,2021-09-10,Pago,2020-09-02,Data VĂ¡lida
139,57,Estrutura,6793866.37,2021-12-13,Pago,2020-09-02,Data VĂ¡lida
140,58,InĂƒÂ­cio de Obra,7085643.97,2020-02-22,Pago,2020-01-26,Data VĂ¡lida
141,59,Acabamento,6941881.36,2019-06-08,Pendente,2019-05-30,Data VĂ¡lida
142,59,FundaĂƒÂ§ĂƒÂ£o,6545812.21,2019-08-30,Pago,2019-05-30,Data VĂ¡lida
143,59,Estrutura,6316348.94,2019-11-28,Pago,2019-05-30,Data VĂ¡lida
144,61,Entrega,8740227.6,2022-09-29,Estornado,2022-09-02,Data VĂ¡lida
145,61,FundaĂƒÂ§ĂƒÂ£o,10022806.33,2022-12-13,Pendente,2022-09-02,Data VĂ¡lida
146,61,InĂƒÂ­cio de Obra,7513328.28,2023-03-29,Pago,2022-09-02,Data VĂ¡lida
147,61,Acabamento,7003926.36,2023-06-01,Pago,2022-09-02,Data VĂ¡lida
148,62,InĂƒÂ­cio de Obra,1630376.47,2018-04-20,Pago,2018-04-04,Data VĂ¡lida
149,62,FundaĂƒÂ§ĂƒÂ£o,1565750.01,2018-07-16,Pendente,2018-04-04,Data VĂ¡lida
150,62,Entrega,1468868.47,2018-10-17,Pago,2018-04-04,Data VĂ¡lida
151,62,Acabamento,1506343.64,2019-01-09,Pago,2018-04-04,Data VĂ¡lida
152,65,InĂƒÂ­cio de Obra,9793474.2,2022-07-21,Pago,2022-07-20,Data VĂ¡lida
153,65,FundaĂƒÂ§ĂƒÂ£o,11603806.21,2022-11-08,Pendente,2022-07-20,Data VĂ¡lida
154,65,Cobertura,9881553.49,2023-01-27,Pago,2022-07-20,Data VĂ¡lida
155,65,Estrutura,8900785.74,2023-05-12,Estornado,2022-07-20,Data VĂ¡lida
156,65,Entrega,10282233.49,2023-07-16,Pago,2022-07-20,Data VĂ¡lida
157,66,Entrega,9443466.78,2020-12-31,Pago,2020-12-06,Data VĂ¡lida
158,66,Acabamento,8937683.24,2021-03-16,Pago,2020-12-06,Data VĂ¡lida
159,66,FundaĂƒÂ§ĂƒÂ£o,12633325.19,2021-06-18,Pendente,2020-12-06,Data VĂ¡lida
160,66,InĂƒÂ­cio de Obra,10634398.07,2021-10-02,Pago,2020-12-06,Data VĂ¡lida
161,67,Entrega,9161118.44,2022-03-25,Pago,2022-02-24,Data VĂ¡lida
162,70,Estrutura,13490234.31,2022-08-01,Pago,2022-07-05,Data VĂ¡lida
163,70,Acabamento,14110937.13,2022-10-04,Pago,2022-07-05,Data VĂ¡lida
164,70,Cobertura,12146300.08,2023-01-23,Pago,2022-07-05,Data VĂ¡lida
165,70,FundaĂƒÂ§ĂƒÂ£o,15309905.44,2023-04-09,Pendente,2022-07-05,Data VĂ¡lida
166,70,Entrega,16434130.45,2023-07-18,Pago,2022-07-05,Data VĂ¡lida
167,72,Entrega,11396669.87,2020-08-17,Pago,2020-08-17,Data VĂ¡lida
168,72,InĂƒÂ­cio de Obra,11510799.57,2020-11-20,Pago,2020-08-17,Data VĂ¡lida
169,72,Acabamento,10708986.25,2021-03-14,Pago,2020-08-17,Data VĂ¡lida
170,73,InĂƒÂ­cio de Obra,3606634.56,2020-06-26,Pago,2020-06-03,Data VĂ¡lida
171,73,Entrega,4118441.34,2020-09-21,Estornado,2020-06-03,Data VĂ¡lida
172,74,InĂƒÂ­cio de Obra,15398067.05,2022-04-19,Pago,2022-04-16,Data VĂ¡lida
173,74,Entrega,13096363.29,2022-08-01,Pago,2022-04-16,Data VĂ¡lida
174,74,FundaĂƒÂ§ĂƒÂ£o,10960124.77,2022-11-07,Pago,2022-04-16,Data VĂ¡lida
175,74,Estrutura,12959496.84,2023-01-18,Pago,2022-04-16,Data VĂ¡lida
176,74,Acabamento,12329772.96,2023-04-28,Pago,2022-04-16,Data VĂ¡lida
177,76,FundaĂƒÂ§ĂƒÂ£o,4982772.32,2018-12-14,Pago,2018-11-26,Data VĂ¡lida
178,76,Cobertura,3571397.89,2019-03-18,Estornado,2018-11-26,Data VĂ¡lida
179,77,Acabamento,12186330.65,2019-10-08,Pendente,2019-10-07,Data VĂ¡lida
180,77,Entrega,9592481.26,2020-01-10,Pago,2019-10-07,Data VĂ¡lida
181,77,FundaĂƒÂ§ĂƒÂ£o,10402205.54,2020-04-11,Pago,2019-10-07,Data VĂ¡lida
182,77,Estrutura,12173713.87,2020-07-24,Pago,2019-10-07,Data VĂ¡lida
183,77,InĂƒÂ­cio de Obra,13164889.27,2020-10-13,Pago,2019-10-07,Data VĂ¡lida
184,77,Cobertura,10701303.14,2021-01-26,Pago,2019-10-07,Data VĂ¡lida
185,78,Acabamento,998941.84,2020-05-02,Pendente,2020-04-26,Data VĂ¡lida
186,78,Estrutura,1152517.03,2020-08-07,Pendente,2020-04-26,Data VĂ¡lida
187,78,Cobertura,1068140.54,2020-10-26,Pendente,2020-04-26,Data VĂ¡lida
188,78,InĂƒÂ­cio de Obra,1208526.81,2021-02-07,Pago,2020-04-26,Data VĂ¡lida
189,78,Entrega,1114878.44,2021-05-15,Pago,2020-04-26,Data VĂ¡lida
190,78,FundaĂƒÂ§ĂƒÂ£o,1165476.92,2021-08-14,Pago,2020-04-26,Data VĂ¡lida
191,81,Estrutura,3799264.48,2023-02-16,Pago,2023-02-13,Data VĂ¡lida
192,81,FundaĂƒÂ§ĂƒÂ£o,3652537.75,2023-05-22,Pago,2023-02-13,Data VĂ¡lida
193,81,InĂƒÂ­cio de Obra,4073720.72,2023-09-08,Pago,2023-02-13,Data VĂ¡lida
194,82,Estrutura,10403627.41,2020-09-21,Estornado,2020-09-15,Data VĂ¡lida
195,82,InĂƒÂ­cio de Obra,7682946.52,2021-01-03,Pago,2020-09-15,Data VĂ¡lida
196,82,FundaĂƒÂ§ĂƒÂ£o,7258076.07,2021-03-23,Pendente,2020-09-15,Data VĂ¡lida
197,82,Cobertura,7846234.97,2021-06-28,Pendente,2020-09-15,Data VĂ¡lida
198,82,Acabamento,8824377.97,2021-09-15,Pago,2020-09-15,Data VĂ¡lida
199,83,InĂƒÂ­cio de Obra,4679146.03,2022-12-07,Estornado,2022-12-06,Data VĂ¡lida
200,83,Cobertura,5162616.33,2023-03-06,Pago,2022-12-06,Data VĂ¡lida
201,83,FundaĂƒÂ§ĂƒÂ£o,4782886.82,2023-06-24,Estornado,2022-12-06,Data VĂ¡lida
202,83,Estrutura,5265003.37,2023-09-25,Estornado,2022-12-06,Data VĂ¡lida
203,83,Acabamento,4254647.43,2023-12-26,Pago,2022-12-06,Data VĂ¡lida
204,84,Acabamento,5421404.43,2022-09-18,Pendente,2022-09-12,Data VĂ¡lida
205,84,FundaĂƒÂ§ĂƒÂ£o,7192974.84,2023-01-08,Estornado,2022-09-12,Data VĂ¡lida
206,84,InĂƒÂ­cio de Obra,6865286.04,2023-03-19,Pago,2022-09-12,Data VĂ¡lida
207,84,Cobertura,6587902.91,2023-06-09,Pago,2022-09-12,Data VĂ¡lida
208,85,Entrega,5976287.85,2020-08-09,Pago,2020-07-21,Data VĂ¡lida
209,85,InĂƒÂ­cio de Obra,5690080.66,2020-11-05,Pago,2020-07-21,Data VĂ¡lida
210,85,Cobertura,4934702.55,2021-01-27,Pago,2020-07-21,Data VĂ¡lida
211,85,Acabamento,6039361.24,2021-04-19,Pago,2020-07-21,Data VĂ¡lida
212,86,Cobertura,16430410.23,2022-03-06,Pago,2022-03-06,Data VĂ¡lida
213,86,InĂƒÂ­cio de Obra,13734120.82,2022-06-08,Estornado,2022-03-06,Data VĂ¡lida
214,86,Acabamento,16747840.64,2022-09-13,Pendente,2022-03-06,Data VĂ¡lida
215,86,Entrega,12064380.69,2022-12-31,Pendente,2022-03-06,Data VĂ¡lida
216,86,Estrutura,12923635.66,2023-03-13,Pago,2022-03-06,Data VĂ¡lida
217,87,Acabamento,8902656.82,2023-06-10,Pago,2023-06-01,Data VĂ¡lida
218,87,Entrega,8613694.24,2023-09-05,Pago,2023-06-01,Data VĂ¡lida
219,87,FundaĂƒÂ§ĂƒÂ£o,10705858.04,2023-12-27,Estornado,2023-06-01,Data VĂ¡lida
220,87,Cobertura,10533020.96,2024-02-28,Pago,2023-06-01,Data VĂ¡lida
221,87,InĂƒÂ­cio de Obra,11953107.24,2024-06-02,Pago,2023-06-01,Data VĂ¡lida
222,87,Estrutura,11496270.96,2024-09-20,Pendente,2023-06-01,Data VĂ¡lida
223,88,InĂƒÂ­cio de Obra,1411379.78,2021-10-02,Pago,2021-09-02,Data VĂ¡lida
224,88,Entrega,1311424.02,2021-12-10,Pago,2021-09-02,Data VĂ¡lida
225,90,FundaĂƒÂ§ĂƒÂ£o,8979393.33,2018-06-17,Pendente,2018-05-21,Data VĂ¡lida
226,90,InĂƒÂ­cio de Obra,10245831.0,2018-08-30,Pago,2018-05-21,Data VĂ¡lida
227,91,Entrega,2772122.66,2018-08-08,Pago,2018-07-25,Data VĂ¡lida
228,91,InĂƒÂ­cio de Obra,2373662.93,2018-10-30,Pago,2018-07-25,Data VĂ¡lida
229,91,Cobertura,2679008.62,2019-01-25,Pago,2018-07-25,Data VĂ¡lida
230,91,FundaĂƒÂ§ĂƒÂ£o,2295794.61,2019-05-11,Pago,2018-07-25,Data VĂ¡lida
231,92,Cobertura,1165191.55,2018-11-22,Pago,2018-10-26,Data VĂ¡lida
232,95,Estrutura,8216225.75,2021-12-06,Pendente,2021-11-14,Data VĂ¡lida
233,95,Acabamento,5911753.64,2022-02-17,Pendente,2021-11-14,Data VĂ¡lida
234,95,Cobertura,6549507.53,2022-06-06,Pendente,2021-11-14,Data VĂ¡lida
235,95,Entrega,7935331.62,2022-08-18,Estornado,2021-11-14,Data VĂ¡lida
236,95,InĂƒÂ­cio de Obra,6839365.64,2022-11-13,Estornado,2021-11-14,Data VĂ¡lida
237,95,FundaĂƒÂ§ĂƒÂ£o,6509134.98,2023-03-09,Pago,2021-11-14,Data VĂ¡lida
238,96,InĂƒÂ­cio de Obra,4522560.05,2020-01-11,Estornado,2020-01-06,Data VĂ¡lida
239,96,Acabamento,5266551.5,2020-04-13,Pago,2020-01-06,Data VĂ¡lida
240,96,FundaĂƒÂ§ĂƒÂ£o,3943287.16,2020-07-04,Pago,2020-01-06,Data VĂ¡lida
241,96,Cobertura,4490135.02,2020-10-11,Pago,2020-01-06,Data VĂ¡lida
242,96,Estrutura,3826631.82,2021-01-30,Pago,2020-01-06,Data VĂ¡lida
243,96,Entrega,3876054.83,2021-04-13,Pago,2020-01-06,Data VĂ¡lida
244,97,InĂƒÂ­cio de Obra,1206564.8,2022-03-10,Pago,2022-03-06,Data VĂ¡lida
245,97,Acabamento,991683.3,2022-06-09,Pago,2022-03-06,Data VĂ¡lida
246,97,FundaĂƒÂ§ĂƒÂ£o,1198924.91,2022-09-06,Pago,2022-03-06,Data VĂ¡lida
247,97,Cobertura,1303253.61,2022-12-22,Pago,2022-03-06,Data VĂ¡lida
248,97,Estrutura,1161038.69,2023-03-19,Estornado,2022-03-06,Data VĂ¡lida
249,97,Entrega,1204036.87,2023-06-07,Pago,2022-03-06,Data VĂ¡lida
250,98,Entrega,3413535.0,2019-06-14,Estornado,2019-05-29,Data VĂ¡lida
251,98,Cobertura,3534566.66,2019-09-26,Pago,2019-05-29,Data VĂ¡lida
252,98,Acabamento,4679153.65,2019-11-30,Pago,2019-05-29,Data VĂ¡lida
253,98,InĂƒÂ­cio de Obra,4128697.24,2020-03-16,Pago,2019-05-29,Data VĂ¡lida
254,100,Estrutura,2434058.47,2023-06-22,Pago,2023-06-13,Data VĂ¡lida
255,100,Cobertura,1929584.66,2023-09-14,Estornado,2023-06-13,Data VĂ¡lida
256,101,Entrega,4814517.72,2018-08-30,Estornado,2018-08-24,Data VĂ¡lida
257,101,Estrutura,6896254.66,2018-12-06,Pago,2018-08-24,Data VĂ¡lida
258,101,InĂƒÂ­cio de Obra,5499912.48,2019-02-27,Pendente,2018-08-24,Data VĂ¡lida
259,101,FundaĂƒÂ§ĂƒÂ£o,5823350.33,2019-06-16,Estornado,2018-08-24,Data VĂ¡lida
260,103,FundaĂƒÂ§ĂƒÂ£o,2310481.24,2021-10-25,Pendente,2021-10-08,Data VĂ¡lida
261,103,InĂƒÂ­cio de Obra,2255048.56,2022-01-30,Pendente,2021-10-08,Data VĂ¡lida
262,103,Entrega,2091366.53,2022-04-07,Pago,2021-10-08,Data VĂ¡lida
263,103,Estrutura,2495908.65,2022-07-14,Estornado,2021-10-08,Data VĂ¡lida
264,103,Cobertura,2606076.06,2022-10-24,Pendente,2021-10-08,Data VĂ¡lida
265,103,Acabamento,2789875.87,2023-01-14,Pago,2021-10-08,Data VĂ¡lida
266,104,Entrega,3519065.36,2021-03-13,Estornado,2021-02-23,Data VĂ¡lida
267,104,FundaĂƒÂ§ĂƒÂ£o,4066074.18,2021-05-25,Pago,2021-02-23,Data VĂ¡lida
268,104,Acabamento,3537432.72,2021-09-19,Pago,2021-02-23,Data VĂ¡lida
269,104,InĂƒÂ­cio de Obra,3517874.09,2021-11-20,Pago,2021-02-23,Data VĂ¡lida
270,104,Estrutura,4265562.42,2022-02-27,Pago,2021-02-23,Data VĂ¡lida
271,106,FundaĂƒÂ§ĂƒÂ£o,11240815.89,2020-02-03,Pago,2020-01-30,Data VĂ¡lida
272,106,Acabamento,11320492.89,2020-05-05,Pago,2020-01-30,Data VĂ¡lida
273,106,Cobertura,11996286.57,2020-07-29,Pendente,2020-01-30,Data VĂ¡lida
274,106,InĂƒÂ­cio de Obra,11038050.92,2020-11-20,Pago,2020-01-30,Data VĂ¡lida
275,106,Entrega,10244585.16,2021-02-16,Pago,2020-01-30,Data VĂ¡lida
276,107,FundaĂƒÂ§ĂƒÂ£o,7258893.71,2019-08-11,Pendente,2019-07-27,Data VĂ¡lida
277,107,Acabamento,9275645.02,2019-11-07,Pago,2019-07-27,Data VĂ¡lida
278,107,InĂƒÂ­cio de Obra,9593881.43,2020-02-01,Estornado,2019-07-27,Data VĂ¡lida
279,107,Entrega,6889290.1,2020-05-21,Pendente,2019-07-27,Data VĂ¡lida
280,107,Estrutura,7531508.89,2020-08-09,Estornado,2019-07-27,Data VĂ¡lida
281,107,Cobertura,9242778.53,2020-11-10,Pago,2019-07-27,Data VĂ¡lida
282,108,Cobertura,10177427.02,2020-02-17,Pendente,2020-01-23,Data VĂ¡lida
283,108,Estrutura,8838645.24,2020-04-24,Pago,2020-01-23,Data VĂ¡lida
284,110,Cobertura,11520117.0,2022-05-09,Pago,2022-04-17,Data VĂ¡lida
285,110,InĂƒÂ­cio de Obra,12502466.14,2022-08-04,Estornado,2022-04-17,Data VĂ¡lida
286,111,Estrutura,4500582.13,2018-11-12,Pago,2018-10-24,Data VĂ¡lida
287,111,Acabamento,4717273.1,2019-01-22,Estornado,2018-10-24,Data VĂ¡lida
288,112,Cobertura,978006.7,2022-06-14,Estornado,2022-06-03,Data VĂ¡lida
289,114,InĂƒÂ­cio de Obra,6217016.93,2023-04-22,Pendente,2023-04-21,Data VĂ¡lida
290,114,Cobertura,5639380.53,2023-07-31,Pago,2023-04-21,Data VĂ¡lida
291,116,Cobertura,5341627.59,2021-07-26,Pago,2021-07-02,Data VĂ¡lida
292,116,Entrega,6225920.83,2021-10-19,Pago,2021-07-02,Data VĂ¡lida
293,116,Estrutura,5690782.39,2022-01-17,Pago,2021-07-02,Data VĂ¡lida
294,116,InĂƒÂ­cio de Obra,6166789.69,2022-04-16,Pago,2021-07-02,Data VĂ¡lida
295,117,InĂƒÂ­cio de Obra,4209434.9,2022-10-25,Pago,2022-10-13,Data VĂ¡lida
296,117,Entrega,3787356.49,2023-01-17,Pago,2022-10-13,Data VĂ¡lida
297,117,Acabamento,4743192.14,2023-04-16,Pago,2022-10-13,Data VĂ¡lida
298,117,Cobertura,4874275.75,2023-08-04,Pago,2022-10-13,Data VĂ¡lida
299,118,InĂƒÂ­cio de Obra,5849334.67,2019-10-13,Estornado,2019-10-03,Data VĂ¡lida
300,121,Entrega,9348295.96,2023-07-06,Pago,2023-06-07,Data VĂ¡lida
301,121,Acabamento,8486370.7,2023-09-15,Pago,2023-06-07,Data VĂ¡lida
302,121,FundaĂƒÂ§ĂƒÂ£o,7729407.16,2023-12-16,Estornado,2023-06-07,Data VĂ¡lida
303,121,InĂƒÂ­cio de Obra,8384337.71,2024-03-26,Estornado,2023-06-07,Data VĂ¡lida
304,121,Estrutura,6898888.4,2024-06-04,Pago,2023-06-07,Data VĂ¡lida
305,122,Entrega,2610994.8,2022-10-09,Pago,2022-10-02,Data VĂ¡lida
306,122,Acabamento,2862786.58,2023-01-20,Pendente,2022-10-02,Data VĂ¡lida
307,122,Estrutura,2454737.87,2023-04-09,Estornado,2022-10-02,Data VĂ¡lida
308,122,InĂƒÂ­cio de Obra,2685737.45,2023-07-03,Pago,2022-10-02,Data VĂ¡lida
309,122,Cobertura,2211361.22,2023-09-28,Estornado,2022-10-02,Data VĂ¡lida
310,123,Entrega,10246429.58,2022-05-09,Pendente,2022-04-21,Data VĂ¡lida
311,123,FundaĂƒÂ§ĂƒÂ£o,9584873.86,2022-08-06,Pago,2022-04-21,Data VĂ¡lida
312,123,Cobertura,9076932.52,2022-11-17,Pendente,2022-04-21,Data VĂ¡lida
313,123,InĂƒÂ­cio de Obra,9305695.1,2023-02-11,Pago,2022-04-21,Data VĂ¡lida
314,123,Acabamento,11875483.55,2023-04-19,Pago,2022-04-21,Data VĂ¡lida
315,123,Estrutura,10665658.25,2023-07-28,Pendente,2022-04-21,Data VĂ¡lida
316,126,Estrutura,4479974.22,2023-04-20,Pendente,2023-04-13,Data VĂ¡lida
317,126,Cobertura,5237531.71,2023-07-26,Pago,2023-04-13,Data VĂ¡lida
318,126,InĂƒÂ­cio de Obra,5429290.28,2023-10-15,Pago,2023-04-13,Data VĂ¡lida
319,128,InĂƒÂ­cio de Obra,11702406.99,2018-08-23,Pendente,2018-08-16,Data VĂ¡lida
320,128,FundaĂƒÂ§ĂƒÂ£o,11254495.91,2018-11-21,Pago,2018-08-16,Data VĂ¡lida
321,129,Acabamento,5799965.32,2023-05-13,Pago,2023-04-21,Data VĂ¡lida
322,129,InĂƒÂ­cio de Obra,5515675.32,2023-08-15,Estornado,2023-04-21,Data VĂ¡lida
323,129,FundaĂƒÂ§ĂƒÂ£o,5259381.24,2023-11-05,Pendente,2023-04-21,Data VĂ¡lida
324,131,Entrega,13742284.61,2022-11-15,Estornado,2022-10-31,Data VĂ¡lida
325,131,Estrutura,13696574.65,2023-01-31,Pendente,2022-10-31,Data VĂ¡lida
326,131,Acabamento,14497118.81,2023-05-27,Pago,2022-10-31,Data VĂ¡lida
327,131,Cobertura,13767667.78,2023-08-26,Pago,2022-10-31,Data VĂ¡lida
328,132,Cobertura,5184216.99,2021-12-26,Pendente,2021-12-24,Data VĂ¡lida
329,133,InĂƒÂ­cio de Obra,4152665.31,2022-09-04,Estornado,2022-08-31,Data VĂ¡lida
330,133,FundaĂƒÂ§ĂƒÂ£o,4798832.08,2022-12-17,Pago,2022-08-31,Data VĂ¡lida
331,133,Entrega,4097796.58,2023-03-05,Pago,2022-08-31,Data VĂ¡lida
332,133,Acabamento,4650752.96,2023-06-27,Pendente,2022-08-31,Data VĂ¡lida
333,133,Estrutura,3479360.18,2023-09-02,Pendente,2022-08-31,Data VĂ¡lida
334,133,Cobertura,3557777.91,2023-12-06,Pago,2022-08-31,Data VĂ¡lida
335,134,InĂƒÂ­cio de Obra,6915907.44,2022-11-19,Estornado,2022-11-18,Data VĂ¡lida
336,134,Estrutura,6968263.45,2023-02-23,Estornado,2022-11-18,Data VĂ¡lida
337,134,FundaĂƒÂ§ĂƒÂ£o,6640451.01,2023-05-31,Pago,2022-11-18,Data VĂ¡lida
338,134,Acabamento,7812590.71,2023-08-27,Pago,2022-11-18,Data VĂ¡lida
339,135,Acabamento,4978226.84,2023-02-17,Pago,2023-01-30,Data VĂ¡lida
340,135,Entrega,6676244.68,2023-05-29,Pago,2023-01-30,Data VĂ¡lida
341,135,Estrutura,5808976.21,2023-08-09,Pago,2023-01-30,Data VĂ¡lida
342,135,Cobertura,6341566.44,2023-11-25,Pago,2023-01-30,Data VĂ¡lida
343,135,InĂƒÂ­cio de Obra,4738354.52,2024-02-23,Pago,2023-01-30,Data VĂ¡lida
344,135,FundaĂƒÂ§ĂƒÂ£o,5573969.63,2024-04-24,Pendente,2023-01-30,Data VĂ¡lida
345,136,Entrega,2360352.84,2022-04-12,Pago,2022-04-04,Data VĂ¡lida
346,136,Estrutura,2039058.03,2022-07-17,Pago,2022-04-04,Data VĂ¡lida
347,136,FundaĂƒÂ§ĂƒÂ£o,2883230.62,2022-10-29,Pago,2022-04-04,Data VĂ¡lida
348,137,FundaĂƒÂ§ĂƒÂ£o,8641955.24,2021-03-12,Pendente,2021-03-02,Data VĂ¡lida
349,137,Entrega,8714504.15,2021-06-24,Pago,2021-03-02,Data VĂ¡lida
350,137,InĂƒÂ­cio de Obra,8094996.04,2021-09-08,Pago,2021-03-02,Data VĂ¡lida
351,137,Estrutura,9083411.85,2021-12-03,Pendente,2021-03-02,Data VĂ¡lida
352,137,Acabamento,6526483.55,2022-03-22,Pago,2021-03-02,Data VĂ¡lida
353,137,Cobertura,8016409.84,2022-06-14,Pago,2021-03-02,Data VĂ¡lida
354,138,Acabamento,8102978.37,2021-05-21,Pago,2021-04-26,Data VĂ¡lida
355,140,FundaĂƒÂ§ĂƒÂ£o,10965794.8,2023-03-01,Pago,2023-02-05,Data VĂ¡lida
356,140,Cobertura,13526781.0,2023-05-27,Estornado,2023-02-05,Data VĂ¡lida
357,140,Estrutura,16063772.02,2023-08-07,Pago,2023-02-05,Data VĂ¡lida
358,140,Acabamento,13665866.49,2023-11-20,Pendente,2023-02-05,Data VĂ¡lida
359,140,InĂƒÂ­cio de Obra,16135356.5,2024-02-12,Estornado,2023-02-05,Data VĂ¡lida
360,140,Entrega,11571704.87,2024-05-14,Pago,2023-02-05,Data VĂ¡lida
361,142,Estrutura,7100488.77,2020-01-19,Pendente,2020-01-16,Data VĂ¡lida
362,142,Acabamento,6215861.52,2020-05-15,Pago,2020-01-16,Data VĂ¡lida
363,142,InĂƒÂ­cio de Obra,6362432.55,2020-08-06,Estornado,2020-01-16,Data VĂ¡lida
364,143,Acabamento,2319726.73,2018-05-31,Pago,2018-05-15,Data VĂ¡lida
365,143,Estrutura,2049299.23,2018-08-31,Pendente,2018-05-15,Data VĂ¡lida
366,144,FundaĂƒÂ§ĂƒÂ£o,14285056.26,2018-11-27,Pago,2018-11-04,Data VĂ¡lida
367,144,Estrutura,13953968.93,2019-02-10,Pago,2018-11-04,Data VĂ¡lida
368,144,InĂƒÂ­cio de Obra,14639380.51,2019-05-20,Pago,2018-11-04,Data VĂ¡lida
369,144,Acabamento,13952051.24,2019-08-31,Pendente,2018-11-04,Data VĂ¡lida
370,146,Estrutura,2469486.89,2022-03-08,Pago,2022-02-22,Data VĂ¡lida
371,146,Entrega,2768942.26,2022-06-18,Pago,2022-02-22,Data VĂ¡lida
372,148,Estrutura,1701589.02,2018-08-05,Pendente,2018-07-27,Data VĂ¡lida
373,148,InĂƒÂ­cio de Obra,1899023.46,2018-11-03,Pago,2018-07-27,Data VĂ¡lida
374,148,Cobertura,1618449.58,2019-02-19,Pago,2018-07-27,Data VĂ¡lida
375,148,Acabamento,1625498.05,2019-05-06,Pendente,2018-07-27,Data VĂ¡lida
376,148,Entrega,1826472.45,2019-08-16,Pago,2018-07-27,Data VĂ¡lida
377,148,FundaĂƒÂ§ĂƒÂ£o,1706148.26,2019-11-09,Pago,2018-07-27,Data VĂ¡lida
378,149,InĂƒÂ­cio de Obra,4134531.43,2021-12-05,Estornado,2021-11-19,Data VĂ¡lida
379,149,Acabamento,3986869.42,2022-02-26,Pago,2021-11-19,Data VĂ¡lida
380,149,FundaĂƒÂ§ĂƒÂ£o,3893961.23,2022-05-22,Estornado,2021-11-19,Data VĂ¡lida
381,149,Cobertura,3894605.52,2022-09-09,Pago,2021-11-19,Data VĂ¡lida
382,149,Entrega,3768615.54,2022-12-08,Pago,2021-11-19,Data VĂ¡lida
383,149,Estrutura,4269410.98,2023-02-26,Pendente,2021-11-19,Data VĂ¡lida
384,151,Cobertura,3323346.15,2020-06-24,Estornado,2020-06-21,Data VĂ¡lida
385,152,FundaĂƒÂ§ĂƒÂ£o,3997349.34,2018-10-14,Estornado,2018-10-11,Data VĂ¡lida
386,152,Cobertura,3785925.8,2019-02-08,Pago,2018-10-11,Data VĂ¡lida
387,152,InĂƒÂ­cio de Obra,3396313.16,2019-04-28,Pendente,2018-10-11,Data VĂ¡lida
388,152,Entrega,3870990.17,2019-07-30,Pendente,2018-10-11,Data VĂ¡lida
389,152,Estrutura,3680537.52,2019-10-08,Estornado,2018-10-11,Data VĂ¡lida
390,154,Acabamento,3931185.03,2022-08-09,Estornado,2022-07-31,Data VĂ¡lida
391,154,InĂƒÂ­cio de Obra,4843257.81,2022-11-28,Pendente,2022-07-31,Data VĂ¡lida
392,154,Estrutura,4637552.15,2023-02-02,Estornado,2022-07-31,Data VĂ¡lida
393,154,FundaĂƒÂ§ĂƒÂ£o,4499700.29,2023-05-27,Pendente,2022-07-31,Data VĂ¡lida
394,154,Cobertura,3802832.47,2023-07-30,Pago,2022-07-31,Data VĂ¡lida
395,155,Acabamento,6572356.71,2018-07-01,Estornado,2018-06-17,Data VĂ¡lida
396,155,Estrutura,7341851.57,2018-10-05,Pago,2018-06-17,Data VĂ¡lida
397,155,Entrega,6925775.77,2018-12-14,Pago,2018-06-17,Data VĂ¡lida
398,155,FundaĂƒÂ§ĂƒÂ£o,5989429.03,2019-04-06,Pago,2018-06-17,Data VĂ¡lida
399,158,Estrutura,1351735.58,2022-07-13,Estornado,2022-06-14,Data VĂ¡lida
400,158,Acabamento,1609966.78,2022-09-21,Estornado,2022-06-14,Data VĂ¡lida
401,158,Cobertura,1241239.62,2022-12-27,Pago,2022-06-14,Data VĂ¡lida
402,159,Acabamento,1348119.05,2022-01-14,Pago,2022-01-11,Data VĂ¡lida
403,159,FundaĂƒÂ§ĂƒÂ£o,1471404.42,2022-04-11,Pago,2022-01-11,Data VĂ¡lida
404,159,Estrutura,1537287.05,2022-07-26,Pago,2022-01-11,Data VĂ¡lida
405,159,InĂƒÂ­cio de Obra,1261444.28,2022-11-02,Estornado,2022-01-11,Data VĂ¡lida
406,159,Entrega,1423979.78,2023-02-05,Pago,2022-01-11,Data VĂ¡lida
407,159,Cobertura,1204369.13,2023-04-06,Pendente,2022-01-11,Data VĂ¡lida
408,160,Acabamento,6294015.17,2018-06-28,Pago,2018-06-25,Data VĂ¡lida
409,160,Cobertura,7867008.87,2018-10-11,Pago,2018-06-25,Data VĂ¡lida
410,160,Entrega,8627952.92,2019-01-07,Pago,2018-06-25,Data VĂ¡lida
411,160,Estrutura,7241222.59,2019-03-31,Pago,2018-06-25,Data VĂ¡lida
412,160,InĂƒÂ­cio de Obra,7958476.96,2019-07-10,Pendente,2018-06-25,Data VĂ¡lida
413,160,FundaĂƒÂ§ĂƒÂ£o,7151415.1,2019-09-26,Estornado,2018-06-25,Data VĂ¡lida
414,161,Cobertura,16298908.0,2020-03-25,Estornado,2020-03-10,Data VĂ¡lida
415,161,FundaĂƒÂ§ĂƒÂ£o,16049773.34,2020-06-25,Pendente,2020-03-10,Data VĂ¡lida
416,163,Entrega,7222926.03,2022-08-29,Estornado,2022-08-28,Data VĂ¡lida
417,163,Estrutura,7601163.26,2022-11-28,Estornado,2022-08-28,Data VĂ¡lida
418,163,InĂƒÂ­cio de Obra,5890059.21,2023-02-27,Pago,2022-08-28,Data VĂ¡lida
419,163,FundaĂƒÂ§ĂƒÂ£o,7882045.13,2023-06-16,Pago,2022-08-28,Data VĂ¡lida
420,163,Cobertura,5767021.44,2023-08-29,Estornado,2022-08-28,Data VĂ¡lida
421,165,Entrega,10238989.17,2019-06-11,Pago,2019-06-03,Data VĂ¡lida
422,165,Estrutura,9049123.85,2019-09-08,Pago,2019-06-03,Data VĂ¡lida
423,165,Cobertura,7212208.46,2019-12-08,Pago,2019-06-03,Data VĂ¡lida
424,165,FundaĂƒÂ§ĂƒÂ£o,8639116.95,2020-03-05,Pago,2019-06-03,Data VĂ¡lida
425,166,Estrutura,8843529.76,2020-02-01,Pago,2020-01-24,Data VĂ¡lida
426,166,InĂƒÂ­cio de Obra,9390058.83,2020-04-25,Pago,2020-01-24,Data VĂ¡lida
427,167,InĂƒÂ­cio de Obra,8959038.68,2022-06-26,Pago,2022-06-21,Data VĂ¡lida
428,167,Estrutura,8570310.83,2022-10-10,Pago,2022-06-21,Data VĂ¡lida
429,169,Cobertura,7492413.97,2022-02-06,Pago,2022-01-09,Data VĂ¡lida
430,169,Entrega,8994083.71,2022-05-03,Pago,2022-01-09,Data VĂ¡lida
431,169,Estrutura,7054997.3,2022-07-28,Pago,2022-01-09,Data VĂ¡lida
432,169,FundaĂƒÂ§ĂƒÂ£o,6275849.97,2022-10-22,Pago,2022-01-09,Data VĂ¡lida
433,169,Acabamento,6849436.85,2023-02-01,Pago,2022-01-09,Data VĂ¡lida
434,169,InĂƒÂ­cio de Obra,8563179.25,2023-04-26,Pago,2022-01-09,Data VĂ¡lida
435,172,Estrutura,4305616.6,2022-06-09,Pendente,2022-05-14,Data VĂ¡lida
436,172,Acabamento,3843772.58,2022-08-27,Pago,2022-05-14,Data VĂ¡lida
437,173,Cobertura,3789093.73,2020-02-11,Pago,2020-02-01,Data VĂ¡lida
438,175,Entrega,7255423.31,2021-06-07,Pago,2021-06-07,Data VĂ¡lida
439,175,Cobertura,7511702.76,2021-09-17,Pago,2021-06-07,Data VĂ¡lida
440,176,InĂƒÂ­cio de Obra,2001667.19,2020-07-01,Estornado,2020-06-30,Data VĂ¡lida
441,176,Cobertura,1663751.38,2020-10-17,Pago,2020-06-30,Data VĂ¡lida
442,176,Acabamento,1479091.06,2021-01-03,Pendente,2020-06-30,Data VĂ¡lida
443,177,Cobertura,7502120.84,2018-12-04,Estornado,2018-11-19,Data VĂ¡lida
444,177,Entrega,7405471.16,2019-02-17,Pendente,2018-11-19,Data VĂ¡lida
445,177,Acabamento,6011059.82,2019-06-06,Pago,2018-11-19,Data VĂ¡lida
446,177,FundaĂƒÂ§ĂƒÂ£o,6223404.57,2019-09-01,Estornado,2018-11-19,Data VĂ¡lida
447,177,Estrutura,7323911.49,2019-12-06,Pago,2018-11-19,Data VĂ¡lida
448,177,InĂƒÂ­cio de Obra,7604987.9,2020-03-13,Pago,2018-11-19,Data VĂ¡lida
449,178,FundaĂƒÂ§ĂƒÂ£o,11764180.63,2021-03-31,Pago,2021-03-18,Data VĂ¡lida
450,178,Acabamento,9697208.25,2021-07-02,Pago,2021-03-18,Data VĂ¡lida
451,180,Entrega,4618445.61,2021-10-29,Pago,2021-10-24,Data VĂ¡lida
